batch_size,lr,num_neurons_pos,num_hidden_layers_pos,num_neurons_neg,num_hidden_layers_neg,value
382.0,0.003760575821893021,1026.0,7.0,1390.0,4.0,-0.00605559769552201
191.0,0.008125707563519708,663.0,8.0,417.0,8.0,-0.02649399483576417
538.0,0.006355414095412388,1351.0,5.0,752.0,3.0,-0.047820712886750695
742.0,0.0014810598192078128,357.0,6.0,1104.0,10.0,-0.0014086281810887157
67.0,0.0002431950362517807,941.0,3.0,293.0,8.0,-0.005002531688660383
