batch_size,lr,num_neurons_pos,num_hidden_layers_pos,num_neurons_neg,num_hidden_layers_neg,value
1000.0,0.007124527132721095,837.0,5.0,1124.0,4.0,-0.008108878466300666
988.0,0.009555286692383745,659.0,2.0,957.0,2.0,-0.0018569136818405241
755.0,0.009744912621614667,672.0,2.0,426.0,3.0,-0.001882446970557794
171.0,0.0011431696343808054,594.0,5.0,397.0,4.0,-0.003164455723017454
285.0,0.007551208482740786,864.0,9.0,976.0,6.0,-4048.945556640625
