batch_size,lr,num_neurons_pos,num_hidden_layers_pos,num_neurons_neg,num_hidden_layers_neg,value
443.0,0.009927320028445527,835.0,4.0,1414.0,5.0,-10460.1357421875
134.0,0.007578434656525443,24.0,6.0,1193.0,4.0,-0.025958781335502862
334.0,0.0017624501638701,104.0,4.0,1308.0,4.0,-0.002323277392424643
618.0,0.0013083263771886614,812.0,2.0,985.0,5.0,-0.0011644594988320022
460.0,0.007813674529403427,1044.0,9.0,1242.0,6.0,-75969.9921875
