batch_size,lr,num_neurons_pos,num_hidden_layers_pos,num_neurons_neg,num_hidden_layers_neg,value
302.0,0.003228717404244725,1389.0,3.0,1394.0,1.0,-0.00217102553579025
720.0,0.007206591748597232,254.0,7.0,1265.0,3.0,-0.0029817485972307625
485.0,0.005877416033536876,316.0,10.0,174.0,6.0,-0.003592258745338768
443.0,0.006166366747728774,107.0,8.0,988.0,7.0,-0.01002736291848123
961.0,0.009749409491208661,461.0,2.0,1206.0,4.0,-0.11301409542560577
