batch_size,lr,num_neurons_pos,num_hidden_layers_pos,num_neurons_neg,num_hidden_layers_neg,value
463.0,0.007575287613175611,144.0,9.0,141.0,4.0,-0.002634453035425395
837.0,0.008862694009266859,510.0,3.0,1452.0,2.0,-0.003913719190750271
885.0,0.005508816304348757,1266.0,4.0,27.0,2.0,-0.0024234880995936694
346.0,0.00583999954617771,1057.0,5.0,1213.0,5.0,-0.0127417675498873
361.0,0.0025210381421788028,952.0,7.0,598.0,4.0,-0.0077451254427433015
