batch_size,lr,num_neurons_pos,num_hidden_layers_pos,num_neurons_neg,num_hidden_layers_neg,value
564.0,0.0003574038755530937,267.0,10.0,802.0,6.0,-0.0016205898334737867
139.0,0.0057835919450594814,130.0,10.0,1315.0,5.0,-2.749434427022934
826.0,0.002073077907587459,357.0,9.0,1492.0,6.0,-0.0035152274300344287
604.0,0.008729909024845784,881.0,4.0,1369.0,10.0,-3450541.75
572.0,0.0009718793868492171,424.0,9.0,606.0,6.0,-0.001463681496679783
