batch_size,lr,num_neurons_pos,num_hidden_layers_pos,num_neurons_neg,num_hidden_layers_neg,value
246.0,0.0037142700564158733,87.0,6.0,25.0,6.0,-0.005134437321685254
486.0,0.004111584273528106,97.0,7.0,464.0,2.0,-0.0020638873719144614
877.0,0.0021322068832031684,985.0,6.0,261.0,3.0,-0.004903497220948338
451.0,0.007817933514989142,224.0,10.0,1273.0,9.0,-54648.29296875
888.0,0.001963148526778666,555.0,7.0,1256.0,7.0,-0.0012506742309778929
