batch_size,lr,num_neurons_pos,num_hidden_layers_pos,num_neurons_neg,num_hidden_layers_neg,value
150.0,0.0003786132469355003,1011.0,3.0,299.0,6.0,-0.00323694619582966
612.0,0.003503500086394604,566.0,9.0,148.0,8.0,-0.001972104483284056
845.0,0.009376584877634025,107.0,6.0,1051.0,7.0,-17019.8828125
90.0,0.006755548492102034,877.0,5.0,878.0,5.0,-0.022515639159828425
422.0,0.007204418101747827,114.0,6.0,656.0,1.0,-0.0027167065953835846
