batch_size,lr,num_neurons_pos,num_hidden_layers_pos,num_neurons_neg,num_hidden_layers_neg,value
921.0,0.004074888904738274,1369.0,10.0,800.0,7.0,-3283.267822265625
558.0,0.009041305941338057,1235.0,2.0,581.0,10.0,-96.70869445800781
516.0,0.006553314125905927,664.0,6.0,659.0,3.0,-0.003670966038480401
600.0,0.00366437235436771,695.0,7.0,554.0,2.0,-0.0025223312177695334
510.0,0.009843886126004706,523.0,8.0,1471.0,2.0,-0.03005952337756753
