batch_size,lr,num_neurons_pos,num_hidden_layers_pos,num_neurons_neg,num_hidden_layers_neg,value
681.0,0.009924567338598408,313.0,4.0,610.0,7.0,-0.013284054351970553
215.0,0.0010868277976787196,1324.0,4.0,1435.0,4.0,-0.0025760854850523174
869.0,0.006317446165042285,559.0,1.0,183.0,10.0,-0.0012072930863359943
710.0,0.009704624769376448,77.0,4.0,520.0,10.0,-0.026104997433722018
192.0,0.00557622896397768,88.0,7.0,883.0,3.0,-0.005072022872045636
