batch_size,lr,num_neurons_pos,num_hidden_layers_pos,num_neurons_neg,num_hidden_layers_neg,value
890.0,0.005617028315394947,932.0,9.0,1424.0,9.0,-45679.34765625
235.0,0.006313126048304411,1462.0,6.0,1349.0,3.0,-0.111535589620471
126.0,0.008950374925286718,179.0,10.0,1248.0,6.0,-647.5723876953125
