batch_size,lr,num_neurons_pos,num_hidden_layers_pos,num_neurons_neg,num_hidden_layers_neg,value
268.0,0.0076982821988963515,191.0,9.0,1092.0,9.0,-17663.755859375
809.0,0.0014826548637276512,188.0,2.0,883.0,7.0,-0.0016405375092290342
742.0,0.002462433004041116,407.0,7.0,1191.0,7.0,-0.0023598106554709375
678.0,0.0005341913212607236,906.0,3.0,791.0,3.0,-0.0010875623644096776
657.0,0.0026692110735038743,1433.0,2.0,397.0,1.0,-0.0011116111662704499
