batch_size,lr,num_neurons_pos,num_hidden_layers_pos,num_neurons_neg,num_hidden_layers_neg,value
618.0,0.009258930520280735,608.0,10.0,91.0,5.0,-7860.912109375
118.0,0.0013805687857286753,1439.0,9.0,582.0,7.0,-0.004701541499234736
