batch_size,lr,num_neurons_pos,num_hidden_layers_pos,num_neurons_neg,num_hidden_layers_neg,value
535.0,0.003603605165116884,791.0,5.0,971.0,2.0,-0.001522234360454604
575.0,0.0019679256816846763,788.0,8.0,60.0,2.0,-0.0022215305152349174
675.0,0.009037676228219944,704.0,3.0,816.0,5.0,-0.03047067071311176
180.0,0.006997510398409877,165.0,4.0,1250.0,3.0,-0.012656955514103174
105.0,0.0064045831728932025,918.0,8.0,980.0,4.0,-2035.083740234375
