batch_size,lr,num_neurons_pos,num_hidden_layers_pos,num_neurons_neg,num_hidden_layers_neg,value
936.0,0.006687875792407422,625.0,2.0,139.0,7.0,-0.0011696362670045345
273.0,0.007219533557288069,1259.0,2.0,291.0,7.0,-0.007586928145028651
588.0,0.008431915011578766,1373.0,10.0,1123.0,1.0,-2482055.25
755.0,0.006952727429200876,864.0,9.0,661.0,9.0,-1983.6513671875
198.0,0.006449150538416017,1487.0,8.0,237.0,9.0,-35907.08984375
