batch_size,lr,num_neurons_pos,num_hidden_layers_pos,num_neurons_neg,num_hidden_layers_neg,value
105.0,0.006794595379271691,893.0,10.0,1040.0,3.0,-3067.471435546875
734.0,0.00697812862861115,1206.0,6.0,1449.0,4.0,-0.18037844881415366
843.0,0.007306634595900108,1452.0,6.0,1091.0,6.0,-1.26796701669693
