batch_size,lr,num_neurons_pos,num_hidden_layers_pos,num_neurons_neg,num_hidden_layers_neg,value
549.0,0.0029710876325733295,1385.0,3.0,1117.0,6.0,-0.002447094488888979
548.0,0.0016694468708543582,1407.0,8.0,602.0,2.0,-0.005370883480645716
869.0,0.004190895053862639,1136.0,6.0,1384.0,9.0,-2473.682861328125
728.0,0.0006469877013597489,380.0,9.0,1222.0,3.0,-0.001154753357404843
