batch_size,lr,num_neurons_pos,num_hidden_layers_pos,num_neurons_neg,num_hidden_layers_neg,value
547.0,0.001068428127275104,54.0,6.0,1421.0,10.0,-0.0029482957674190403
931.0,0.005414052197843779,1439.0,3.0,1363.0,1.0,-0.003097399051766843
688.0,0.006596610624838146,666.0,5.0,383.0,5.0,-0.0022414053266402332
371.0,0.0009520849352861772,66.0,4.0,740.0,9.0,-0.002826053039170802
779.0,0.0007339694735514387,1149.0,2.0,466.0,3.0,-0.0010277788765961303
