batch_size,lr,num_neurons_pos,num_hidden_layers_pos,num_neurons_neg,num_hidden_layers_neg,value
470.0,0.009210841867397438,296.0,3.0,740.0,6.0,-0.007520803506486118
805.0,0.005507384832136844,1091.0,6.0,48.0,3.0,-0.0036740396032109855
162.0,0.0032085708884056516,38.0,9.0,1262.0,1.0,-0.007938501364551485
228.0,0.008827445732272189,1055.0,8.0,607.0,8.0,-13173.9951171875
909.0,0.006820058765580753,710.0,8.0,936.0,5.0,-19.462097039073704
