batch_size,lr,num_neurons_pos,num_hidden_layers_pos,num_neurons_neg,num_hidden_layers_neg,value
444.0,0.007600109561154182,135.0,2.0,365.0,7.0,-0.0031902345758862793
553.0,0.008434984146344016,748.0,3.0,968.0,9.0,-40777.56640625
476.0,0.004837250324118646,343.0,3.0,840.0,3.0,-0.003143208387773484
92.0,0.0038349184317050676,943.0,9.0,764.0,4.0,-0.02098950643092394
564.0,0.0038625930890419406,888.0,4.0,550.0,5.0,-0.00219147787312977
