batch_size,lr,num_neurons_pos,num_hidden_layers_pos,num_neurons_neg,num_hidden_layers_neg,value
732.0,0.0039060351530212567,443.0,4.0,177.0,3.0,-0.0012235667870845646
171.0,0.008630239064011823,1197.0,7.0,1230.0,9.0,-67365.5390625
699.0,0.0013291594415949283,689.0,8.0,1144.0,4.0,-0.0022880697075743227
