batch_size,lr,num_neurons_pos,num_hidden_layers_pos,num_neurons_neg,num_hidden_layers_neg,value
373.0,0.002700530199002492,1114.0,5.0,828.0,6.0,-0.006765062767080963
900.0,0.004708426554582315,1495.0,5.0,873.0,6.0,-0.010375399957410991
473.0,0.002130597817171456,601.0,7.0,394.0,8.0,-0.0018343512481078506
904.0,0.008279939597508936,345.0,2.0,1439.0,2.0,-0.002504217845853418
319.0,0.004891081642197452,320.0,8.0,820.0,6.0,-0.005333373323082924
