batch_size,lr,num_neurons_pos,num_hidden_layers_pos,num_neurons_neg,num_hidden_layers_neg,value
396.0,0.0015777374623011198,88.0,8.0,919.0,4.0,-0.0026301124738529326
111.0,0.003654625002805923,811.0,5.0,1318.0,2.0,-0.005150186908431351
259.0,0.0023158234151935677,30.0,9.0,1012.0,6.0,-0.007453764104284346
763.0,0.007870358917339214,288.0,1.0,491.0,9.0,-0.0017458203970454633
743.0,0.00048731033231498425,241.0,2.0,385.0,4.0,-0.001144090136513114
