batch_size,lr,num_neurons_pos,num_hidden_layers_pos,num_neurons_neg,num_hidden_layers_neg,value
459.0,0.00548331233498585,845.0,3.0,209.0,4.0,-0.002125567049952224
323.0,0.003929092573857231,1107.0,2.0,337.0,8.0,-0.002451148391701281
251.0,0.004084222559016462,450.0,3.0,668.0,6.0,-0.0032611994142644108
813.0,0.001758366205863048,209.0,9.0,1362.0,8.0,-0.024529269621707497
962.0,0.0059718231401642815,494.0,3.0,87.0,5.0,-0.0012054186913883313
