batch_size,lr,num_neurons_pos,num_hidden_layers_pos,num_neurons_neg,num_hidden_layers_neg,value
456.0,0.008395009797280464,549.0,2.0,1234.0,10.0,-646488.1875
724.0,0.007107079975890914,898.0,2.0,1219.0,5.0,-0.03136487610638142
367.0,0.0016771513863967904,1137.0,7.0,1429.0,6.0,-0.0020307313720695675
491.0,0.00389599222818343,461.0,8.0,578.0,1.0,-0.0019532212696503847
593.0,0.008065570898792989,460.0,4.0,202.0,5.0,-0.0022147671913262455
