batch_size,lr,num_neurons_pos,num_hidden_layers_pos,num_neurons_neg,num_hidden_layers_neg,value
704.0,0.008802440940153087,782.0,3.0,667.0,3.0,-0.004064825251698494
158.0,0.00981085027899662,1210.0,5.0,153.0,7.0,-0.6833784544467926
328.0,0.005726651006047511,595.0,8.0,740.0,4.0,-0.007085931040346622
222.0,0.0046613797402559574,1274.0,5.0,152.0,1.0,-0.011860868334770203
156.0,0.0009049696122803443,1488.0,1.0,1297.0,3.0,-0.003199059518519789
