batch_size,lr,num_neurons_pos,num_hidden_layers_pos,num_neurons_neg,num_hidden_layers_neg,value
867.0,0.006619811449383283,1199.0,2.0,829.0,4.0,-0.002527362423716113
534.0,0.0027216689232554088,1066.0,3.0,660.0,7.0,-0.001894271335331723
898.0,0.00241068500515269,489.0,2.0,999.0,5.0,-0.0011181987880263477
63.0,2.6480372986105577e-06,216.0,2.0,416.0,8.0,-0.01726019037887454
994.0,0.0010083216692161705,1146.0,2.0,355.0,6.0,-0.0008849583595292642
