batch_size,lr,num_neurons_pos,num_hidden_layers_pos,num_neurons_neg,num_hidden_layers_neg,value
948.0,0.0015177114013443448,440.0,5.0,147.0,6.0,-0.0011539145407732576
120.0,0.005141388465099081,433.0,8.0,1054.0,4.0,-0.018254261333495378
146.0,0.0026431592151087567,41.0,4.0,995.0,2.0,-0.0067646030336618425
943.0,0.006710250579268275,439.0,5.0,1191.0,4.0,-0.008176504191942513
469.0,0.008098165652463196,734.0,5.0,1310.0,9.0,-789906.875
