batch_size,lr,num_neurons_pos,num_hidden_layers_pos,num_neurons_neg,num_hidden_layers_neg,value
564.0,0.006248513111297828,991.0,7.0,1361.0,10.0,-114643.4453125
956.0,0.005940024524792691,1426.0,10.0,766.0,2.0,-69011.53125
477.0,0.006558366483664019,263.0,6.0,97.0,4.0,-0.0022490598878357557
65.0,0.0016204109512516131,142.0,1.0,609.0,9.0,-0.007306531555950641
164.0,0.0072827698374910614,1173.0,2.0,479.0,1.0,-0.00794291083700955
