batch_size,lr,num_neurons_pos,num_hidden_layers_pos,num_neurons_neg,num_hidden_layers_neg,value
934.0,0.0085754734079162,267.0,2.0,62.0,5.0,-0.0013851914391852915
780.0,0.002045877098840297,1050.0,7.0,127.0,7.0,-0.0014841535314917564
941.0,0.009534331386689859,169.0,10.0,27.0,8.0,-0.002064751685829833
699.0,0.0007056628881662609,1470.0,7.0,624.0,3.0,-0.00228887727484107
141.0,0.00788148556559303,583.0,4.0,648.0,9.0,-46.85153770446777
