batch_size,lr,num_neurons_pos,num_hidden_layers_pos,num_neurons_neg,num_hidden_layers_neg,value
108.0,0.00012105416203806214,751.0,9.0,185.0,1.0,-0.004142208478879183
955.0,0.0006646783899306322,1317.0,10.0,1375.0,3.0,-0.0009883531066589056
654.0,0.005626818544402435,593.0,1.0,402.0,9.0,-0.0015602473344188184
314.0,0.002975429047658955,954.0,4.0,1409.0,3.0,-0.0024824750469997527
219.0,0.006283841666124224,386.0,3.0,1183.0,2.0,-0.005833715493790806
