batch_size,lr,num_neurons_pos,num_hidden_layers_pos,num_neurons_neg,num_hidden_layers_neg,value
413.0,0.006475506002166174,1213.0,3.0,782.0,6.0,-0.008539815722033382
398.0,0.0037407623467454383,211.0,3.0,1187.0,4.0,-0.0032938269386067988
333.0,0.005813742352945828,553.0,4.0,193.0,5.0,-0.002629069683607668
96.0,0.0059602852145044195,275.0,7.0,920.0,1.0,-0.008260649521835148
555.0,0.009971359240202635,311.0,5.0,507.0,6.0,-0.0034186752373352646
