batch_size,lr,num_neurons_pos,num_hidden_layers_pos,num_neurons_neg,num_hidden_layers_neg,value
263.0,0.009164815247757835,217.0,3.0,381.0,4.0,-0.003442166952881962
743.0,0.005151315700874551,372.0,9.0,826.0,5.0,-0.001990828887792304
415.0,0.003976480091223895,229.0,6.0,455.0,4.0,-0.0019984829798340795
734.0,0.0054132620866647295,859.0,6.0,1395.0,3.0,-0.0037374840769916775
768.0,0.00856083428881603,201.0,2.0,1039.0,3.0,-0.0026711851102299987
