batch_size,lr,num_neurons_pos,num_hidden_layers_pos,num_neurons_neg,num_hidden_layers_neg,value
428.0,0.006198109264549347,674.0,5.0,1036.0,3.0,-0.004735176260583103
998.0,0.009785430788140368,903.0,5.0,879.0,8.0,-7913.41943359375
781.0,0.003187132424501978,923.0,1.0,466.0,6.0,-0.0013604894862510263
624.0,0.007518301495087189,295.0,5.0,42.0,8.0,-0.001867738930741325
293.0,0.003949185779662261,224.0,5.0,713.0,9.0,-0.00560796806588769
