batch_size,lr,num_neurons_pos,num_hidden_layers_pos,num_neurons_neg,num_hidden_layers_neg,value
664.0,0.0021494566315981745,22.0,8.0,276.0,6.0,-0.003738234916236252
931.0,0.00560139380880833,289.0,6.0,283.0,4.0,-0.0012216028000693769
607.0,0.008828400115652156,205.0,4.0,1463.0,5.0,-0.2212161400914192
259.0,0.006656800983899357,1158.0,9.0,933.0,10.0,-17051.59375
656.0,0.0020965168791100886,1337.0,8.0,1037.0,1.0,-0.00392571222037077
