batch_size,lr,num_neurons_pos,num_hidden_layers_pos,num_neurons_neg,num_hidden_layers_neg,value
501.0,0.0060386131523703455,545.0,3.0,989.0,5.0,-0.002821204434148967
148.0,0.008006017620667131,527.0,8.0,855.0,6.0,-0.01725287327542901
201.0,0.0009455057640916551,944.0,5.0,69.0,4.0,-0.003973282286897302
625.0,0.009803615702571204,747.0,2.0,1415.0,8.0,-471262.09375
891.0,0.0028054373761367763,258.0,4.0,1416.0,2.0,-0.001046824567602016
