batch_size,lr,num_neurons_pos,num_hidden_layers_pos,num_neurons_neg,num_hidden_layers_neg,value
723.0,0.007911794548954885,1292.0,2.0,1328.0,7.0,-14035.7939453125
518.0,0.0020934235196421484,232.0,8.0,743.0,3.0,-0.002876077841501683
543.0,0.008266906904900473,1064.0,6.0,825.0,1.0,-0.04404614746570587
641.0,0.006753410706822571,1023.0,7.0,1128.0,4.0,-1.9014212560653687
350.0,0.0023391177579139117,166.0,10.0,475.0,5.0,-0.0025826764293015005
