batch_size,lr,num_neurons_pos,num_hidden_layers_pos,num_neurons_neg,num_hidden_layers_neg,value
828.0,0.0015619163453772609,1007.0,5.0,315.0,6.0,-0.001086825716192834
728.0,0.003542696230274178,208.0,1.0,233.0,6.0,-0.0012617753318045289
860.0,0.007628498783053713,1205.0,6.0,236.0,2.0,-0.18702506363391877
830.0,0.007798408280371455,870.0,8.0,191.0,8.0,-3237.063720703125
422.0,0.002860498193393754,100.0,4.0,1429.0,6.0,-0.00356280459323898
