batch_size,lr,num_neurons_pos,num_hidden_layers_pos,num_neurons_neg,num_hidden_layers_neg,value
661.0,0.007920760599621967,1363.0,5.0,1276.0,6.0,-11131.3486328125
826.0,0.005170480201713874,1061.0,6.0,1224.0,9.0,-7631.048828125
527.0,0.0012203664975267926,1049.0,5.0,822.0,5.0,-0.0013305255747400224
955.0,0.0023956833106361475,832.0,4.0,455.0,4.0,-0.0009343136462848634
974.0,0.0016168242493127048,87.0,6.0,1480.0,10.0,-0.0017176902224309743
