batch_size,lr,num_neurons_pos,num_hidden_layers_pos,num_neurons_neg,num_hidden_layers_neg,value
994.0,0.0048232085767969,507.0,10.0,640.0,1.0,-0.0025651464296970517
983.0,0.0012961778062139143,1477.0,9.0,947.0,5.0,-0.0013369927962776273
113.0,0.006597811920161805,181.0,9.0,1279.0,4.0,-0.0164140890724957
304.0,0.0012592336827301372,773.0,5.0,1201.0,5.0,-0.0020464477874338628
208.0,0.00798200024458241,596.0,6.0,929.0,9.0,-21969.162109375
