batch_size,lr,num_neurons_pos,num_hidden_layers_pos,num_neurons_neg,num_hidden_layers_neg,value
113.0,0.005537177158263292,1070.0,1.0,518.0,9.0,-0.0129321557469666
478.0,0.008767421510216922,68.0,6.0,530.0,4.0,-0.003420508287381381
505.0,0.005161631266824837,1105.0,8.0,1497.0,2.0,-0.06104687485843897
226.0,0.003933179068058723,543.0,1.0,473.0,9.0,-0.003289511096663773
723.0,0.0029680018053519453,237.0,3.0,107.0,4.0,-0.0013318308873567731
