batch_size,lr,num_neurons_pos,num_hidden_layers_pos,num_neurons_neg,num_hidden_layers_neg,value
311.0,0.0037253870888870663,1252.0,9.0,340.0,5.0,-0.014406637456268072
485.0,0.009330708677109322,1242.0,1.0,559.0,3.0,-0.002650513963308185
951.0,0.008125597402870277,1217.0,2.0,1450.0,5.0,-1.0536811834573745
616.0,0.003392083771689993,689.0,7.0,47.0,3.0,-0.002200545503292233
687.0,0.00853206291829225,958.0,7.0,799.0,4.0,-0.2885306683182716
