batch_size,lr,num_neurons_pos,num_hidden_layers_pos,num_neurons_neg,num_hidden_layers_neg,value
63.0,0.0007470403299883483,866.0,9.0,199.0,7.0,-0.007153890505433083
871.0,0.005169741958460578,1337.0,2.0,496.0,5.0,-0.0014270755427423865
838.0,0.009228246806210474,728.0,7.0,1346.0,10.0,-24408490.0
