batch_size,lr,num_neurons_pos,num_hidden_layers_pos,num_neurons_neg,num_hidden_layers_neg,value
749.0,0.0049180848903887815,486.0,9.0,445.0,8.0,-0.0027721034362912177
390.0,0.008185848951038462,296.0,3.0,308.0,7.0,-0.0035872342181392015
333.0,0.00718025134761267,71.0,4.0,268.0,3.0,-0.0028724381374195217
331.0,0.008218449207163284,421.0,4.0,668.0,3.0,-0.004997277781367302
859.0,0.005974157657972905,1099.0,6.0,816.0,2.0,-0.004166684071533382
