batch_size,lr,num_neurons_pos,num_hidden_layers_pos,num_neurons_neg,num_hidden_layers_neg,value
169.0,0.007175209481053479,518.0,4.0,37.0,6.0,-0.006646932945586741
80.0,0.006104416137538957,448.0,6.0,966.0,4.0,-0.01067874900996685
502.0,0.004348139353902704,1309.0,8.0,1384.0,9.0,-1022.2470092773438
527.0,0.0011341437933042,916.0,2.0,989.0,10.0,-0.0014526681939605623
964.0,0.006614809789877328,1047.0,6.0,558.0,2.0,-0.004421352189965546
