batch_size,lr,num_neurons_pos,num_hidden_layers_pos,num_neurons_neg,num_hidden_layers_neg,value
288.0,0.005761708154402042,814.0,4.0,1305.0,2.0,-0.00683791097253561
636.0,0.004228365472573194,223.0,7.0,763.0,7.0,-0.0020181693288031967
936.0,0.0002192982309185603,1370.0,5.0,714.0,2.0,-0.0009355223044985906
107.0,0.004914544971769479,122.0,1.0,941.0,6.0,-0.014699428947642446
