batch_size,lr,num_neurons_pos,num_hidden_layers_pos,num_neurons_neg,num_hidden_layers_neg,value
415.0,0.0006441260192697418,783.0,5.0,457.0,1.0,-0.0015988489496521652
856.0,0.008240556773763948,866.0,1.0,492.0,3.0,-0.0013248327001929283
362.0,0.0049306434946857925,390.0,2.0,905.0,4.0,-0.004169714434538036
607.0,0.00900247466193858,59.0,5.0,237.0,5.0,-0.00227724923286587
768.0,0.007886565880139603,747.0,8.0,1199.0,8.0,-6685.63671875
