batch_size,lr,num_neurons_pos,num_hidden_layers_pos,num_neurons_neg,num_hidden_layers_neg,value
88.0,0.002238516654454894,716.0,8.0,983.0,9.0,-0.015585148306563497
973.0,0.008645491065676523,1075.0,5.0,385.0,2.0,-0.005055221556685865
