batch_size,lr,num_neurons_pos,num_hidden_layers_pos,num_neurons_neg,num_hidden_layers_neg,value
588.0,0.004175393529563819,981.0,7.0,412.0,6.0,-0.0042505843192338945
803.0,0.0028289753160087687,875.0,3.0,1274.0,6.0,-0.0014892407867591827
442.0,0.004302373599813243,869.0,4.0,434.0,10.0,-0.0032153433421626687
580.0,0.0095998749074161,603.0,10.0,569.0,10.0,-6913.41943359375
559.0,0.007690873700606679,1084.0,6.0,534.0,2.0,-0.01228995100595057
