batch_size,lr,num_neurons_pos,num_hidden_layers_pos,num_neurons_neg,num_hidden_layers_neg,value
211.0,0.009702047125695947,766.0,10.0,1067.0,10.0,-11912396.0
971.0,0.0064101516786065835,1453.0,6.0,1066.0,7.0,-0.7297333174943924
724.0,0.005050322057210813,105.0,7.0,1221.0,9.0,-1228.981689453125
248.0,0.009548583728453755,295.0,3.0,481.0,2.0,-0.003952566725201905
155.0,0.004528774210336485,234.0,4.0,209.0,7.0,-0.005349137396551669
