batch_size,lr,num_neurons_pos,num_hidden_layers_pos,num_neurons_neg,num_hidden_layers_neg,value
593.0,0.008867422650712845,725.0,5.0,1046.0,5.0,-0.044251919500529764
144.0,0.004922951965690478,732.0,9.0,169.0,10.0,-0.015075090108439326
638.0,0.0043848790789471175,1469.0,7.0,516.0,1.0,-0.028357212860137225
883.0,0.0027574098139319376,35.0,9.0,1370.0,2.0,-0.0021145020402036606
856.0,0.007834055804793589,1490.0,7.0,1492.0,4.0,-145759.390625
