batch_size,lr,num_neurons_pos,num_hidden_layers_pos,num_neurons_neg,num_hidden_layers_neg,value
806.0,0.009846755460927554,252.0,3.0,85.0,5.0,-0.0023355065181385726
364.0,0.005397137416516561,1366.0,9.0,1415.0,2.0,-12632.2431640625
664.0,0.0017688737644252868,901.0,3.0,291.0,8.0,-0.0013010870735161006
828.0,0.0003709015094130777,799.0,8.0,44.0,1.0,-0.002177184903994203
602.0,0.001621295820554106,1270.0,4.0,295.0,5.0,-0.0014522925915662198
