batch_size,lr,num_neurons_pos,num_hidden_layers_pos,num_neurons_neg,num_hidden_layers_neg,value
877.0,0.002646448033063997,1426.0,3.0,481.0,5.0,-0.0036306033073924483
613.0,0.007300952008526244,877.0,7.0,193.0,7.0,-0.02675908101722598
