batch_size,lr,num_neurons_pos,num_hidden_layers_pos,num_neurons_neg,num_hidden_layers_neg,value
313.0,0.004809947779680938,1271.0,3.0,895.0,9.0,-0.007490228055976331
806.0,0.006498521567580699,522.0,9.0,1284.0,2.0,-0.0041171089885756375
152.0,0.007030120232344549,325.0,8.0,1138.0,5.0,-0.01584984249435365
988.0,0.001086524644880087,706.0,3.0,800.0,2.0,-0.0008302569901570678
