batch_size,lr,num_neurons_pos,num_hidden_layers_pos,num_neurons_neg,num_hidden_layers_neg,value
479.0,0.008472162562832026,1236.0,10.0,1253.0,9.0,-1460801.375
998.0,0.0053527216595462635,47.0,8.0,1439.0,2.0,-0.0021744400879833846
392.0,0.00565544357668625,1113.0,8.0,1260.0,5.0,-0.23421818763017654
205.0,0.0019905482267246945,1275.0,4.0,71.0,6.0,-0.004192747969646007
820.0,0.007191027223005005,172.0,2.0,1247.0,7.0,-5238.478515625
