batch_size,lr,num_neurons_pos,num_hidden_layers_pos,num_neurons_neg,num_hidden_layers_neg,value
63.0,0.0019841047187850193,741.0,2.0,119.0,1.0,-0.005495896693319082
847.0,0.0036169141999596414,1284.0,9.0,228.0,9.0,-0.014115151492878794
651.0,0.009338947464434493,676.0,10.0,1222.0,2.0,-843.5274047851562
742.0,0.0017485879726563715,535.0,6.0,944.0,9.0,-0.001407852213596925
670.0,0.0012122414289586192,1325.0,1.0,1434.0,4.0,-0.00104414721543435
