batch_size,lr,num_neurons_pos,num_hidden_layers_pos,num_neurons_neg,num_hidden_layers_neg,value
578.0,0.001507116911748263,1499.0,10.0,1314.0,3.0,-0.005667716911993921
73.0,0.007969984690438095,546.0,2.0,363.0,5.0,-0.01448252378962934
76.0,0.0015359187755374774,376.0,2.0,523.0,7.0,-0.005623311004601419
497.0,0.0015670978178503388,506.0,9.0,781.0,9.0,-0.0019077279965858908
235.0,0.00577580419793507,1106.0,2.0,1322.0,3.0,-0.006152438470162451
