batch_size,lr,num_neurons_pos,num_hidden_layers_pos,num_neurons_neg,num_hidden_layers_neg,value
639.0,0.0036395128705316413,738.0,9.0,1040.0,2.0,-0.003702245720196515
221.0,0.009822467205751551,979.0,7.0,368.0,1.0,-7210.8310546875
722.0,0.0015685532539841422,1311.0,7.0,794.0,10.0,-0.0014586654340382665
934.0,0.005430298849912052,1109.0,9.0,700.0,3.0,-1346.507568359375
726.0,0.007951484857292052,47.0,2.0,423.0,5.0,-0.002024119672132656
