batch_size,lr,num_neurons_pos,num_hidden_layers_pos,num_neurons_neg,num_hidden_layers_neg,value
526.0,0.0018318342241001881,1241.0,8.0,66.0,5.0,-0.0035815277765505016
994.0,0.005931494685642649,123.0,7.0,22.0,6.0,-0.0012698693567654118
310.0,0.005358588226157069,1160.0,2.0,22.0,8.0,-0.0036221637320704757
547.0,0.004703328609760124,1158.0,8.0,775.0,10.0,-0.05285647477954626
166.0,0.00017723072721113634,480.0,4.0,973.0,4.0,-0.0028162223217077552
