batch_size,lr,num_neurons_pos,num_hidden_layers_pos,num_neurons_neg,num_hidden_layers_neg,value
472.0,0.008749529328729003,609.0,5.0,98.0,1.0,-0.004947152170352638
902.0,0.006423125581148895,443.0,7.0,76.0,10.0,-0.0018969371402636171
797.0,0.007491326238598922,754.0,6.0,864.0,9.0,-1265.6109619140625
140.0,0.0005007406384482945,121.0,3.0,819.0,2.0,-0.0035038833087310197
391.0,0.002835085640948592,1326.0,9.0,1148.0,1.0,-0.013825804088264703
