batch_size,lr,num_neurons_pos,num_hidden_layers_pos,num_neurons_neg,num_hidden_layers_neg,value
394.0,0.007057556109112925,643.0,8.0,659.0,9.0,-333.19032287597656
620.0,0.005946899705293942,315.0,6.0,934.0,3.0,-0.0023652882291935384
395.0,0.0070761335799546955,1009.0,4.0,1256.0,4.0,-0.010023020971566439
317.0,0.002569944379189605,54.0,8.0,1270.0,1.0,-0.003975767192896456
403.0,0.0013324723932832848,907.0,8.0,1317.0,9.0,-0.003362151412293315
