batch_size,lr,num_neurons_pos,num_hidden_layers_pos,num_neurons_neg,num_hidden_layers_neg,value
121.0,0.007978885262542099,546.0,9.0,363.0,7.0,-11.889870643615723
958.0,0.008757355863828248,1274.0,2.0,142.0,4.0,-0.0020443156722467393
84.0,0.001108953178362597,915.0,10.0,124.0,9.0,-0.008003145093098282
549.0,0.008491936210604295,1190.0,9.0,644.0,7.0,-121794.28125
734.0,0.006255236150027386,1058.0,8.0,350.0,3.0,-189.4496307373047
