batch_size,lr,num_neurons_pos,num_hidden_layers_pos,num_neurons_neg,num_hidden_layers_neg,value
681.0,0.0033912432639523946,383.0,9.0,647.0,6.0,-0.0018728770385496318
610.0,0.002970678057164465,260.0,8.0,1249.0,2.0,-0.001828651363030076
