batch_size,lr,num_neurons_pos,num_hidden_layers_pos,num_neurons_neg,num_hidden_layers_neg,value
599.0,0.008809950011404126,353.0,2.0,218.0,7.0,-0.0017178151570260525
422.0,0.009029007515606457,1394.0,4.0,1358.0,4.0,-0.054546780809760095
270.0,0.00697707971372732,150.0,8.0,937.0,2.0,-0.005074849789962172
535.0,0.0013816798314633587,854.0,8.0,66.0,9.0,-0.0020914360973984004
622.0,0.009312033190060064,978.0,8.0,735.0,9.0,-13577.5771484375
