batch_size,lr,num_neurons_pos,num_hidden_layers_pos,num_neurons_neg,num_hidden_layers_neg,value
119.0,0.004849530866997871,124.0,4.0,1172.0,5.0,-0.014406957430765033
615.0,0.007407550863931866,380.0,7.0,1450.0,2.0,-0.00425061033340171
127.0,0.00736129192923371,763.0,6.0,1384.0,4.0,-0.06214475397020578
695.0,0.0016086426329909088,172.0,7.0,999.0,3.0,-0.0014099449571222068
