batch_size,lr,num_neurons_pos,num_hidden_layers_pos,num_neurons_neg,num_hidden_layers_neg,value
484.0,0.00046725768814447966,367.0,7.0,1007.0,9.0,-0.0015701830887701362
833.0,0.00626048005435123,653.0,10.0,441.0,2.0,-0.012490095105022192
383.0,0.009529397267165429,781.0,7.0,1483.0,5.0,-11136.033203125
465.0,0.00048068386653245265,699.0,6.0,131.0,7.0,-0.0026361367292702196
789.0,0.0052416705615701,203.0,3.0,357.0,5.0,-0.001501329824095592
