batch_size,lr,num_neurons_pos,num_hidden_layers_pos,num_neurons_neg,num_hidden_layers_neg,value
703.0,0.005734350727333556,529.0,8.0,556.0,8.0,-2.2140269577503204
104.0,0.002040868918959662,929.0,6.0,611.0,7.0,-0.005823367456905544
308.0,0.005735211051766791,1004.0,2.0,824.0,2.0,-0.002141528772190213
550.0,0.004996178059409509,1001.0,4.0,1412.0,9.0,-8793.810546875
878.0,0.0077206788074929275,61.0,1.0,206.0,6.0,-0.0014564068301115185
