batch_size,lr,num_neurons_pos,num_hidden_layers_pos,num_neurons_neg,num_hidden_layers_neg,value
433.0,0.008191382984853817,1367.0,2.0,899.0,4.0,-0.005990148214623332
200.0,0.004576130277605194,482.0,8.0,1067.0,10.0,-261.79998779296875
430.0,0.0034110148454813954,174.0,2.0,1134.0,2.0,-0.0015918130346108228
727.0,0.00726931314109658,925.0,7.0,340.0,4.0,-0.011026498284190894
928.0,0.0014511264227070693,1231.0,10.0,1260.0,9.0,-0.0018361360242124646
