batch_size,lr,num_neurons_pos,num_hidden_layers_pos,num_neurons_neg,num_hidden_layers_neg,value
584.0,0.0026418567367601465,744.0,1.0,882.0,4.0,-0.0012787845474667846
584.0,0.009246273762123003,584.0,7.0,60.0,5.0,-0.004591908229049296
167.0,0.0035402253900787993,167.0,5.0,210.0,2.0,-0.003615422695875168
552.0,0.003917696288658832,117.0,9.0,1346.0,4.0,-0.003009548126719892
942.0,0.007109945065618224,352.0,5.0,551.0,4.0,-0.00160399651969783
