batch_size,lr,num_neurons_pos,num_hidden_layers_pos,num_neurons_neg,num_hidden_layers_neg,value
889.0,0.005481625202988059,580.0,5.0,575.0,5.0,-0.0016135078447405248
489.0,0.003946429369113504,1465.0,7.0,1150.0,8.0,-374.5122560773577
758.0,0.004866122621552761,1473.0,7.0,466.0,9.0,-0.02804777031764388
