batch_size,lr,num_neurons_pos,num_hidden_layers_pos,num_neurons_neg,num_hidden_layers_neg,value
276.0,0.006614180986159252,1214.0,2.0,356.0,10.0,-0.004564202120527625
658.0,0.005249457144651988,1111.0,9.0,222.0,4.0,-0.013866921244189144
153.0,0.008462133290133,364.0,2.0,898.0,2.0,-0.0067616738611832265
797.0,0.007844666604124929,138.0,3.0,264.0,5.0,-0.0015062169474549592
314.0,0.002427725899215894,1043.0,1.0,607.0,4.0,-0.001954840717371553
