batch_size,lr,num_neurons_pos,num_hidden_layers_pos,num_neurons_neg,num_hidden_layers_neg,value
166.0,0.00021675465952240904,566.0,4.0,142.0,3.0,-0.0034169798134826125
978.0,0.008155614424547316,443.0,3.0,424.0,2.0,-0.0012572847434785218
100.0,0.0028123320617790843,298.0,5.0,121.0,9.0,-0.0072565427562221885
489.0,0.008090038476760795,1204.0,6.0,1372.0,9.0,-79459.96875
