batch_size,lr,num_neurons_pos,num_hidden_layers_pos,num_neurons_neg,num_hidden_layers_neg,value
738.0,0.005586018842739827,331.0,8.0,994.0,2.0,-0.0016626459418330342
434.0,0.0019025601103910754,326.0,7.0,198.0,9.0,-0.0021506767463870344
895.0,0.0021601652015594656,1062.0,7.0,973.0,2.0,-0.0015736947837285697
275.0,0.008035073217909423,551.0,5.0,1475.0,7.0,-21441.916015625
637.0,0.007333466429767052,372.0,3.0,906.0,6.0,-0.010095480317249893
