batch_size,lr,num_neurons_pos,num_hidden_layers_pos,num_neurons_neg,num_hidden_layers_neg,value
682.0,0.0030015437453354715,435.0,1.0,1466.0,6.0,-0.0021984586189500986
995.0,0.009500110310051903,865.0,6.0,1065.0,3.0,-0.23126392260193826
868.0,0.00854168754746435,1490.0,3.0,795.0,1.0,-0.006458739363588393
