batch_size,lr,num_neurons_pos,num_hidden_layers_pos,num_neurons_neg,num_hidden_layers_neg,value
594.0,0.009551458491300553,237.0,7.0,221.0,10.0,-0.0024802238447591664
978.0,0.004102963151078206,330.0,3.0,1229.0,3.0,-0.0015467774018179626
537.0,0.009174647630498925,938.0,4.0,872.0,4.0,-0.006985792685300112
875.0,0.002574981173533282,1270.0,6.0,765.0,4.0,-0.002196348294382915
826.0,0.0011853695242766418,440.0,5.0,717.0,1.0,-0.0010876024881144985
