batch_size,lr,num_neurons_pos,num_hidden_layers_pos,num_neurons_neg,num_hidden_layers_neg,value
758.0,0.008691841773551116,596.0,5.0,372.0,5.0,-0.0022992379299830645
145.0,0.009756222009385447,1362.0,9.0,793.0,2.0,-144158.609375
812.0,0.0017477984978901417,1376.0,1.0,33.0,8.0,-0.0014181686600204556
826.0,0.007700236656347213,406.0,6.0,1159.0,4.0,-0.0062568752188235524
606.0,0.0012798663869322514,130.0,6.0,695.0,10.0,-0.0023160145024303347
