batch_size,lr,num_neurons_pos,num_hidden_layers_pos,num_neurons_neg,num_hidden_layers_neg,value
347.0,0.0027131622664753967,1449.0,9.0,105.0,4.0,-0.007238063518889249
341.0,0.007704315043212854,923.0,7.0,1234.0,7.0,-4869.923828125
896.0,0.008641757509626263,520.0,3.0,1265.0,2.0,-0.0026456272520590574
