batch_size,lr,num_neurons_pos,num_hidden_layers_pos,num_neurons_neg,num_hidden_layers_neg,value
973.0,0.004744917096694617,814.0,1.0,1048.0,2.0,-0.0015210326795931906
870.0,0.009811499355325881,606.0,3.0,755.0,10.0,-3827.864013671875
958.0,0.006252740089650114,1459.0,2.0,178.0,6.0,-0.0012920103006763383
