batch_size,lr,num_neurons_pos,num_hidden_layers_pos,num_neurons_neg,num_hidden_layers_neg,value
890.0,0.002462445641901342,647.0,4.0,1161.0,5.0,-0.0014051580533850938
450.0,0.009127699611850604,898.0,5.0,1397.0,5.0,-0.5639760115742684
938.0,0.0005470513717004328,232.0,2.0,355.0,1.0,-0.0009854700957657768
686.0,0.008095982974843086,83.0,3.0,1148.0,1.0,-0.0017684402596205473
664.0,0.009601767998377834,847.0,3.0,251.0,8.0,-0.0023995137761812658
