batch_size,lr,num_neurons_pos,num_hidden_layers_pos,num_neurons_neg,num_hidden_layers_neg,value
586.0,0.002103791284580091,151.0,5.0,1000.0,8.0,-0.002109584707068279
374.0,0.005441852202650101,1379.0,3.0,1390.0,5.0,-0.013280848478898407
429.0,0.0005904889252095289,1396.0,2.0,1077.0,2.0,-0.001450109629658982
