batch_size,lr,num_neurons_pos,num_hidden_layers_pos,num_neurons_neg,num_hidden_layers_neg,value
923.0,0.006096129048992916,44.0,2.0,1056.0,9.0,-1.8371922373771667
420.0,0.0003518621808922296,254.0,5.0,164.0,8.0,-0.0024543894128873944
907.0,0.003647560449090464,858.0,8.0,531.0,2.0,-0.0030308312794659286
