batch_size,lr,num_neurons_pos,num_hidden_layers_pos,num_neurons_neg,num_hidden_layers_neg,value
441.0,0.0023407992235123095,259.0,7.0,159.0,4.0,-0.001885769705986604
482.0,0.0074837059586050775,312.0,1.0,1386.0,7.0,-1.0458553063869476
715.0,0.009490978494332189,1195.0,4.0,1314.0,4.0,-0.06849658239632844
651.0,0.007406448662991413,281.0,8.0,95.0,6.0,-0.0019292635470628738
195.0,7.732981849824357e-05,422.0,3.0,967.0,5.0,-0.0027194245532155036
