batch_size,lr,num_neurons_pos,num_hidden_layers_pos,num_neurons_neg,num_hidden_layers_neg,value
977.0,0.006601677531403795,1481.0,8.0,442.0,3.0,-95663.9140625
240.0,0.0067396936114668075,441.0,4.0,1256.0,2.0,-0.006037421030923724
725.0,0.00484478266706672,1203.0,5.0,337.0,8.0,-0.0032335655158385636
336.0,0.00782078603965353,1464.0,8.0,208.0,6.0,-488995.78125
742.0,0.0030254640567562077,40.0,2.0,992.0,6.0,-0.002056520825717598
