batch_size,lr,num_neurons_pos,num_hidden_layers_pos,num_neurons_neg,num_hidden_layers_neg,value
812.0,0.009589728161785004,54.0,5.0,719.0,9.0,-10232.34375
57.0,0.00981362803841465,1126.0,6.0,89.0,6.0,-2181.3427734375
762.0,0.003091452866696265,218.0,6.0,775.0,7.0,-0.0015047011384740471
502.0,0.004391654303792467,151.0,2.0,409.0,10.0,-0.00232991945464164
896.0,0.007479825220561712,1201.0,1.0,510.0,6.0,-0.0011616097204387187
