batch_size,lr,num_neurons_pos,num_hidden_layers_pos,num_neurons_neg,num_hidden_layers_neg,value
277.0,0.009909496309884734,681.0,9.0,527.0,7.0,-1023.150390625
661.0,0.0055422480595346355,1165.0,6.0,1293.0,8.0,-11386.6484375
415.0,0.008070070438495348,1467.0,5.0,738.0,10.0,-4934.70458984375
334.0,0.002265945190182756,994.0,2.0,565.0,6.0,-0.001962161430856213
216.0,0.008936676950715072,708.0,1.0,1116.0,6.0,-0.15125367388129235
