batch_size,lr,num_neurons_pos,num_hidden_layers_pos,num_neurons_neg,num_hidden_layers_neg,value
542.0,0.009722323066132682,887.0,2.0,953.0,8.0,-14055.4287109375
138.0,0.005825091870143881,1176.0,7.0,825.0,8.0,-2665.21435546875
90.0,0.0008229485031848024,809.0,5.0,391.0,10.0,-0.005843983306549489
