batch_size,lr,num_neurons_pos,num_hidden_layers_pos,num_neurons_neg,num_hidden_layers_neg,value
881.0,0.004478983605079977,96.0,6.0,1099.0,1.0,-0.0015910295001231134
899.0,0.0007647802965645966,389.0,7.0,1345.0,4.0,-0.0009549929585773498
607.0,0.005421351734725289,1369.0,6.0,1069.0,4.0,-0.030148258469998836
626.0,0.00865996900175006,484.0,9.0,261.0,2.0,-0.004735446935519576
179.0,0.005789559452009358,953.0,4.0,342.0,5.0,-0.012036124244332314
