batch_size,lr,num_neurons_pos,num_hidden_layers_pos,num_neurons_neg,num_hidden_layers_neg,value
113.0,0.003566332466751009,1350.0,3.0,423.0,5.0,-0.004784874552860856
338.0,0.009369515754885272,1468.0,9.0,1486.0,3.0,-1014108.1875
528.0,0.001781226199875917,1448.0,4.0,28.0,9.0,-0.0019183769926894457
607.0,0.0014334803253979497,1079.0,9.0,845.0,9.0,-0.0014777769101783633
