batch_size,lr,num_neurons_pos,num_hidden_layers_pos,num_neurons_neg,num_hidden_layers_neg,value
692.0,0.005337461146797836,779.0,8.0,190.0,3.0,-0.003856482158880681
143.0,0.005702741477380753,1250.0,6.0,471.0,1.0,-0.024565496798604727
853.0,0.007407894290112294,1126.0,8.0,1420.0,3.0,-10651.5322265625
958.0,0.008023971985020287,220.0,1.0,689.0,7.0,-0.006563422649633139
848.0,0.00643352312942725,667.0,8.0,1062.0,4.0,-0.008326420783996582
