batch_size,lr,num_neurons_pos,num_hidden_layers_pos,num_neurons_neg,num_hidden_layers_neg,value
119.0,0.003379362566540365,703.0,4.0,603.0,7.0,-0.005251518348231911
122.0,0.0016438293894953232,847.0,8.0,313.0,5.0,-0.005049370275810361
442.0,0.007551302292595938,200.0,4.0,886.0,4.0,-0.003204951526131481
179.0,0.002483825462642293,1346.0,4.0,474.0,4.0,-0.0030961951380595563
