batch_size,lr,num_neurons_pos,num_hidden_layers_pos,num_neurons_neg,num_hidden_layers_neg,value
465.0,0.00022050149277992972,681.0,9.0,992.0,5.0,-0.0016811859526205807
344.0,0.0006850140433838251,99.0,5.0,1479.0,3.0,-0.002510931093711406
999.0,0.006003934069631247,1469.0,8.0,248.0,2.0,-12672.833984375
118.0,0.002080841494242749,1089.0,5.0,205.0,4.0,-0.004640803588554263
206.0,0.0026209959574429566,539.0,2.0,1248.0,6.0,-0.003989411243237555
