batch_size,lr,num_neurons_pos,num_hidden_layers_pos,num_neurons_neg,num_hidden_layers_neg,value
191.0,0.002782127342501343,885.0,3.0,893.0,5.0,-0.003062619308475405
770.0,0.00904464162691635,312.0,2.0,1212.0,2.0,-0.002058121553855017
347.0,0.0035425133053493237,1196.0,8.0,449.0,3.0,-0.011138087175786494
423.0,0.009286616100123808,346.0,2.0,371.0,5.0,-0.0035075182933360337
