batch_size,lr,num_neurons_pos,num_hidden_layers_pos,num_neurons_neg,num_hidden_layers_neg,value
637.0,0.0023638109194251593,312.0,9.0,1037.0,2.0,-0.0014300080598331987
212.0,0.004879584635759363,1202.0,6.0,686.0,4.0,-0.01215133935213089
409.0,0.007369634529414976,1227.0,2.0,720.0,7.0,-0.008727794592268766
325.0,0.0032902350539243306,517.0,8.0,1392.0,4.0,-0.0043597619351930916
711.0,0.0006170961808481095,188.0,10.0,879.0,9.0,-0.001502793722320348
