batch_size,lr,num_neurons_pos,num_hidden_layers_pos,num_neurons_neg,num_hidden_layers_neg,value
911.0,0.0009876315984715673,617.0,1.0,1046.0,5.0,-0.0008736754267010837
940.0,0.001930243342572562,1205.0,3.0,1294.0,9.0,-0.001133062943117693
697.0,0.001213947116342353,456.0,9.0,1007.0,9.0,-0.0013473091612104327
71.0,0.00938350793861659,643.0,3.0,950.0,1.0,-0.01625595150515437
888.0,0.006008528783196867,904.0,3.0,355.0,3.0,-0.0016462184418924153
