batch_size,lr,num_neurons_pos,num_hidden_layers_pos,num_neurons_neg,num_hidden_layers_neg,value
409.0,0.005451491146110904,228.0,7.0,1459.0,1.0,-0.0028851299895904957
693.0,0.0014379088147733869,699.0,7.0,314.0,9.0,-0.001406806872691959
207.0,0.009840308248871022,886.0,7.0,1195.0,9.0,-765132.75
423.0,0.003344836333569719,547.0,8.0,581.0,4.0,-0.0020559427165426315
815.0,0.006521228640397046,380.0,7.0,1054.0,3.0,-0.003116135480813682
