batch_size,lr,num_neurons_pos,num_hidden_layers_pos,num_neurons_neg,num_hidden_layers_neg,value
427.0,0.00884456241927739,1383.0,8.0,708.0,10.0,-1810501.25
165.0,0.009559794545797392,41.0,6.0,1198.0,2.0,-0.016041300101205705
805.0,0.003137756099479717,1004.0,8.0,670.0,7.0,-0.0024342174478806555
