batch_size,lr,num_neurons_pos,num_hidden_layers_pos,num_neurons_neg,num_hidden_layers_neg,value
944.0,0.0005229144630571966,978.0,4.0,259.0,8.0,-0.0010767997446237132
641.0,0.007381094749951654,1486.0,1.0,592.0,3.0,-0.022263848008587956
667.0,0.008792820010804666,685.0,2.0,1153.0,1.0,-0.0014606601803097874
822.0,0.0009285092954708968,656.0,8.0,871.0,6.0,-0.001038211163249798
503.0,0.005931812889618271,493.0,6.0,1249.0,8.0,-9209.9033203125
