batch_size,lr,num_neurons_pos,num_hidden_layers_pos,num_neurons_neg,num_hidden_layers_neg,value
538.0,0.007101947744342362,58.0,3.0,385.0,2.0,-0.0019482497102580965
943.0,0.007262442245321786,342.0,5.0,1037.0,4.0,-0.005354534722864628
257.0,0.008566905397178148,408.0,2.0,214.0,9.0,-0.005967681128531695
280.0,0.006082716568365417,1177.0,5.0,388.0,7.0,-0.010931551279500127
656.0,0.004739742002357973,565.0,4.0,1492.0,8.0,-1.733849164247513
