batch_size,lr,num_neurons,num_hidden_layers,value
631.0,0.00883775255535605,900.0,3.0,-0.014033702202141285
