batch_size,lr,num_units,num_hidden_layers,value
614.0,0.001264110959477664,520.0,6.0,-3.215970311164856
741.0,0.0008616450710085131,1445.0,2.0,-0.6887059825658798
682.0,0.00062286584755034,809.0,7.0,-5.045716795921326
335.0,0.0017309250201467466,814.0,4.0,-1.2060619854927064
894.0,0.0019723729130293505,883.0,1.0,-0.6384296220541
