batch_size,lr,num_units,num_hidden_layers,value
849.0,0.0023273773176787473,687.0,10.0,-8.051724281311035
61.0,0.0031398031156463823,279.0,7.0,-5.736023089464973
301.0,0.002253246645915729,1191.0,5.0,-1.1478121960163117
798.0,0.0046138233418969304,113.0,5.0,-4.442645711898804
700.0,0.0006066912962532796,1036.0,4.0,-1.5433668565750123
