batch_size,lr,num_units,num_hidden_layers,value
386.0,0.004544819307378039,1073.0,5.0,-8.030108451843262
791.0,0.0034874671147703444,918.0,2.0,-0.6319111025333405
824.0,0.004810804027754664,819.0,2.0,-0.65487468957901
939.0,0.004651083327599379,1194.0,7.0,-8.130521774291992
345.0,0.0015133960263516073,1004.0,7.0,-8.027565956115723
