batch_size,lr,num_units,num_hidden_layers,value
676.0,0.0022235697077742666,81.0,2.0,-3.0345468091964722
142.0,0.0015250175638148319,1206.0,6.0,-8.054017291349524
288.0,0.0038369020355706242,1146.0,9.0,-8.08056640625
