batch_size,lr,num_units,num_hidden_layers,value
632.0,0.004555087761545329,236.0,3.0,-1.6452255487442016
109.0,0.002901942097922005,1227.0,8.0,-8.065654754638672
