batch_size,lr,num_units,num_hidden_layers,value
646.0,0.001564309855613941,227.0,4.0,-3.169776816368103
586.0,0.0016346286602589657,1406.0,3.0,-0.7764211571216584
994.0,0.0048628867302352476,633.0,8.0,-8.061636924743652
57.0,0.0007107893536320748,1007.0,4.0,-1.0133462625741958
