batch_size,lr,num_units,num_hidden_layers,value
886.0,0.002831411083147467,1425.0,8.0,-8.066137313842773
219.0,0.002091201875178123,522.0,7.0,-7.869053363800049
612.0,0.002331942347377576,1150.0,7.0,-8.056877613067627
591.0,0.00016141504348661195,993.0,2.0,-2.0893208718299867
535.0,0.0039024227654974875,521.0,5.0,-2.6948049116134642
