batch_size,lr,num_units,num_hidden_layers,value
231.0,0.0028600382369324837,785.0,3.0,-0.9036709684133529
