batch_size,lr,num_units,num_hidden_layers,value
184.0,0.0013594322934334193,1133.0,5.0,-8.045920093854269
709.0,0.002985795766350575,261.0,10.0,-7.861520732321391
457.0,0.0001532238469246529,1090.0,6.0,-3.684522047042847
236.0,0.0033022900920135646,553.0,5.0,-1.3008528292179107
663.0,0.004935142702408518,1487.0,9.0,-8.437151908874512
