batch_size,lr,num_units,num_hidden_layers,value
220.0,0.004450430281066967,37.0,9.0,-6.6239262247085575
577.0,0.0004536742744810526,665.0,1.0,-1.6158348953723907
295.0,0.00014199887778138187,1395.0,6.0,-3.0258700323104857
450.0,0.0009812907054087315,1478.0,6.0,-4.7796014881134035
925.0,0.003175444181268826,1473.0,2.0,-0.6229454326629639
