batch_size,lr,num_units,num_hidden_layers,value
840.0,0.0036241681227674,1309.0,9.0,-8.099148750305176
663.0,0.0014335568397052648,1176.0,7.0,-8.052918780933727
230.0,0.0016897636705176984,1128.0,2.0,-0.5973214912414551
535.0,0.0018706089131118099,1160.0,6.0,-8.052246348063152
691.0,0.0007913879143501886,493.0,1.0,-1.51357475399971
