batch_size,lr,num_units,num_hidden_layers,value
422.0,0.002123564192445357,1157.0,8.0,-8.055550575256348
216.0,0.0029663675789906047,889.0,3.0,-0.7771909308433532
628.0,0.0017391662933847777,1132.0,8.0,-8.035682916641235
863.0,0.0029314569830429403,1461.0,5.0,-8.02267837524414
130.0,0.0030059622580501195,738.0,7.0,-8.057670729500908
