batch_size,lr,num_units,num_hidden_layers,value
435.0,0.004048543398135935,1164.0,6.0,-8.137514114379883
501.0,0.0027319270282103584,1042.0,6.0,-7.6686859130859375
780.0,0.003170206378358849,625.0,2.0,-0.7054951798915863
206.0,0.0012138805961779645,855.0,8.0,-8.05125499906994
862.0,0.003331088092490055,485.0,4.0,-2.12479119181633
