batch_size,lr,num_units,num_hidden_layers,value
666.0,0.0033720292877103724,814.0,10.0,-8.057104587554932
657.0,0.0014799713863087739,913.0,7.0,-7.9284539222717285
984.0,0.000911578318450769,1164.0,3.0,-1.0515388196706772
885.0,0.0028475697441095716,1439.0,6.0,-8.028322219848633
393.0,0.00488557033910185,286.0,2.0,-0.8693216353654861
