batch_size,lr,num_units,num_hidden_layers,value
705.0,0.0022109879390272264,1033.0,8.0,-8.054542779922485
449.0,0.0030532239334843453,1169.0,3.0,-0.7470551991462707
511.0,0.0020111381093095818,650.0,4.0,-1.5392326092720032
225.0,0.002603051365929954,1405.0,7.0,-5.639105439186096
253.0,0.0010122683848731036,736.0,4.0,-1.3838759005069732
