batch_size,lr,num_units,num_hidden_layers,value
368.0,0.004501932553752032,513.0,4.0,-1.2320319902896881
146.0,0.004394111661636329,1231.0,3.0,-7.79545259475708
598.0,0.0026154304058245877,494.0,2.0,-0.7685944092273712
764.0,0.0005253991154034101,944.0,7.0,-4.496176924705505
918.0,0.003153028870023495,178.0,9.0,-7.571049771308899
