batch_size,lr,num_units,num_hidden_layers,value
477.0,0.002372308628354258,423.0,5.0,-1.987097705602646
895.0,0.003963994602333319,1161.0,6.0,-8.093192100524902
254.0,0.0009511911580089837,95.0,8.0,-6.62104293346405
688.0,0.0036307630219746746,822.0,2.0,-0.6434152418375015
842.0,0.0033541605766792305,1385.0,10.0,-8.069144248962402
