batch_size,lr,num_units,num_hidden_layers,value
867.0,0.0017494218796113644,798.0,4.0,-1.7995960903167725
982.0,0.0010848124341955067,774.0,9.0,-7.22076982498169
664.0,0.004089741400089494,1137.0,8.0,-8.078755378723145
842.0,0.003342403775226143,673.0,8.0,-8.027597784996033
380.0,0.0047859335614679616,1405.0,7.0,-8.281442642211914
