batch_size,lr,num_units,num_hidden_layers,value
413.0,0.0014379260003135593,1237.0,7.0,-8.052432928085327
879.0,0.00011556614513390202,1122.0,10.0,-7.120157513618469
175.0,0.00333111186258866,222.0,7.0,-3.6127478313446044
423.0,0.004056025543644534,65.0,5.0,-4.754936213493347
874.0,0.004310341065844917,723.0,3.0,-0.9178666967153549
