batch_size,lr,num_units,num_hidden_layers,value
686.0,0.00460272343140817,933.0,4.0,-7.926613998413086
239.0,0.003228214246409703,144.0,5.0,-2.9660154938697816
817.0,0.004015197332967089,782.0,2.0,-0.6656607741117477
373.0,0.0006123155301115011,933.0,6.0,-3.090257987976074
748.0,0.004622795384132526,470.0,6.0,-8.055367729880594
