batch_size,lr,num_units,num_hidden_layers,value
640.0,0.00047371663122155224,447.0,4.0,-3.18222692489624
325.0,0.0028390032944396256,1202.0,6.0,-8.066352844238281
586.0,0.003014892693567983,1355.0,2.0,-0.6106287527084351
587.0,0.0035567631411924584,1453.0,4.0,-8.096475601196289
345.0,0.0011638660700549295,964.0,3.0,-0.7782269328832626
