batch_size,lr,num_units,num_hidden_layers,value
467.0,0.0025017710886370108,1308.0,9.0,-8.057273864746094
681.0,0.0032316712028597257,408.0,4.0,-1.9049913477897644
362.0,0.004688026310267426,1332.0,3.0,-7.9135236740112305
311.0,0.0032512342244018543,683.0,6.0,-8.009474515914917
916.0,0.004641685631140604,1165.0,7.0,-8.149456024169922
