batch_size,lr,num_units,num_hidden_layers,value
636.0,0.004026069694544949,922.0,3.0,-8.022176742553711
