batch_size,lr,num_units,num_hidden_layers,value
278.0,0.00025716408041639787,369.0,8.0,-6.485227570533753
645.0,0.0023406232862838963,1218.0,1.0,-0.5387704658508301
320.0,0.0016349659687884728,1241.0,7.0,-8.053446829319
664.0,0.0002141005573967476,443.0,1.0,-2.4375911951065063
493.0,0.004427101858819216,1284.0,3.0,-8.124174118041992
