batch_size,lr,num_units,num_hidden_layers,value
295.0,0.0010237728172797877,1310.0,2.0,-0.5763360881805419
899.0,0.0032051838210157774,827.0,6.0,-8.055870056152344
116.0,0.0016859668794368845,322.0,3.0,-1.3325887751579284
590.0,0.001562698838123936,568.0,9.0,-8.04715347290039
99.0,0.0005214495866336476,236.0,6.0,-4.893322396278381
