batch_size,lr,num_units,num_hidden_layers,value
453.0,0.0011432244079158283,414.0,6.0,-3.1972527074813843
674.0,0.0038229868897885658,1277.0,3.0,-7.973526477813721
323.0,0.003175096044615543,1205.0,7.0,-7.982480239868164
715.0,0.003923122358091031,885.0,8.0,-8.038468360900879
549.0,0.0008417725203533888,784.0,3.0,-1.047173295021057
