batch_size,lr,num_units,num_hidden_layers,value
540.0,0.0020707606535524435,491.0,4.0,-1.875776904821396
966.0,0.001971186600094018,695.0,10.0,-8.052449584007263
809.0,0.0011481866479526918,495.0,7.0,-5.769541778564453
889.0,0.0006904220928259077,787.0,6.0,-4.054054932594299
960.0,0.004381974208996814,1302.0,9.0,-8.069774627685547
