batch_size,lr,num_units,num_hidden_layers,value
653.0,0.00011263762098511264,762.0,6.0,-5.43519205570221
251.0,0.0002722444611065971,357.0,3.0,-2.5980823397636414
999.0,0.0014963994974736131,1413.0,9.0,-8.052992343902588
975.0,0.0010815845203225507,635.0,2.0,-1.2065506708621978
602.0,0.000987426180853641,1272.0,4.0,-1.2359620702266694
