batch_size,lr,num_units,num_hidden_layers,value
550.0,0.0012563856166117634,1055.0,10.0,-8.05114509748376
79.0,0.00099881254723474,1117.0,4.0,-0.8137005132436752
671.0,0.0008841196576415737,1098.0,8.0,-7.940168082714081
576.0,0.0015458606597769566,770.0,1.0,-0.621741863489151
