batch_size,lr,num_units,num_hidden_layers,value
988.0,0.004194423753086278,881.0,4.0,-2.146894847154617
341.0,0.0025994725442231616,867.0,7.0,-8.05537486076355
198.0,0.0004184081771110904,422.0,8.0,-5.222725839614868
576.0,0.001997139589962551,554.0,4.0,-1.7586486303806306
244.0,0.003906386008884831,140.0,5.0,-2.7235769271850585
