batch_size,lr,num_units,num_hidden_layers,value
777.0,0.004369948188694718,258.0,2.0,-1.0980093276500702
97.0,0.0008080521086536184,1446.0,3.0,-0.7826342540979385
535.0,0.001820307965930122,288.0,4.0,-2.5691382336616515
95.0,0.003834844347631979,148.0,6.0,-3.217191581726074
516.0,0.004495235610303203,874.0,6.0,-8.066664695739746
