batch_size,lr,num_units,num_hidden_layers,value
553.0,0.00156668329178178,346.0,10.0,-7.339092874526978
802.0,0.004935034927545298,887.0,7.0,-8.07923412322998
297.0,0.0023870237859497075,321.0,7.0,-3.3898812675476075
934.0,0.003446990106021479,910.0,9.0,-8.063292503356934
423.0,0.0030286363406550098,666.0,10.0,-8.045186996459961
