batch_size,lr,num_units,num_hidden_layers,value
989.0,0.0008422088121574767,1207.0,8.0,-8.047544903225369
249.0,0.002682299855027324,1161.0,8.0,-8.06121826171875
785.0,0.0003281083224125014,758.0,7.0,-5.276654119491577
198.0,0.0037444719075304454,136.0,7.0,-4.345090370178223
995.0,0.0025632898311286367,743.0,6.0,-8.041572570800781
