batch_size,lr,num_units,num_hidden_layers,value
497.0,0.001999512903332125,1254.0,3.0,-0.7883835470676422
133.0,0.003039019791265669,150.0,3.0,-2.2533014154434206
876.0,0.004734603407204374,41.0,7.0,-6.770769324302673
