batch_size,lr,num_units,num_hidden_layers,value
833.0,0.002770947177993435,514.0,4.0,-1.9976351654529572
244.0,0.0014946920509254487,1452.0,3.0,-0.7817396736145019
665.0,0.0024377048403524735,609.0,5.0,-2.127669380903244
858.0,0.0040062788599745675,1337.0,3.0,-1.2453061640262604
97.0,0.0005294775177480398,1272.0,2.0,-0.5673931217193604
