batch_size,lr,num_units,num_hidden_layers,value
922.0,0.00047509017100181075,606.0,8.0,-6.475798716545105
98.0,0.0038411911074355833,375.0,9.0,-8.053640097902532
984.0,0.00017096923779773166,1464.0,10.0,-6.7169449377059935
160.0,5.559392040916254e-05,258.0,3.0,-5.291523771286011
270.0,0.0009105993879914224,23.0,8.0,-7.651714234352112
