batch_size,lr,num_units,num_hidden_layers,value
65.0,0.00022311300220088522,679.0,1.0,-0.7680622243881225
949.0,0.00046514697403292283,866.0,4.0,-2.464790563583374
321.0,0.004372707692936181,870.0,9.0,-8.078540325164795
