batch_size,lr,num_units,num_hidden_layers,value
153.0,0.0015320499231216856,1306.0,6.0,-8.055944578988212
475.0,0.0037905837686637274,118.0,1.0,-1.2667744946479798
77.0,0.0027138629153942717,191.0,3.0,-1.8184973442554473
631.0,0.003516453140254274,397.0,4.0,-1.8231904196739197
437.0,0.004299815018425758,1176.0,4.0,-8.040794372558594
