batch_size,lr,num_units,num_hidden_layers,value
179.0,0.004747656656946478,228.0,4.0,-1.6320988273620605
487.0,0.0004302433184220737,47.0,4.0,-6.598452906608582
251.0,0.0030257984066696625,459.0,2.0,-0.7355164813995362
92.0,0.002707832847441968,771.0,3.0,-0.8604426419734955
567.0,0.0038924574405364456,1349.0,3.0,-0.9451624846458435
