batch_size,lr,num_units,num_hidden_layers,value
884.0,0.0016566222887331437,683.0,6.0,-5.628550124168396
881.0,0.0005337202327619025,428.0,3.0,-2.6393627667427064
511.0,0.001105172691898667,989.0,7.0,-5.048765430450439
564.0,0.00224918416068445,1327.0,5.0,-8.05695629119873
757.0,0.0018472548497988647,49.0,2.0,-4.4352693319320675
