batch_size,lr,num_units,num_hidden_layers,value
589.0,0.0030029617975021877,1096.0,4.0,-7.954740524291992
456.0,0.0035392033759165335,578.0,6.0,-3.8387932538986207
122.0,0.0043497844363070415,316.0,3.0,-1.3595569479465484
853.0,0.0011142038664168899,1433.0,8.0,-8.051536039872603
581.0,0.0046904660557118855,1337.0,4.0,-8.126697540283203
