batch_size,lr,num_units,num_hidden_layers,value
695.0,0.0046078230581600155,1203.0,9.0,-8.085208892822266
880.0,0.0015038323225629593,279.0,4.0,-3.2459051322937014
912.0,0.0005684610001036218,81.0,3.0,-6.000088148117065
53.0,0.0038521208806265067,740.0,2.0,-0.8604367119073868
136.0,0.0014363050322177516,821.0,8.0,-8.048990154266358
