batch_size,lr,num_units,num_hidden_layers,value
544.0,0.0023559551449861926,369.0,7.0,-6.191840047836304
680.0,0.0044536014156521695,1493.0,2.0,-0.7092787653207779
812.0,0.002273953878537266,875.0,7.0,-7.73479166507721
