batch_size,lr,num_units,num_hidden_layers,value
477.0,0.0008092879217755676,145.0,9.0,-6.808250226974487
154.0,0.0018051291490068814,577.0,4.0,-1.1296520709991456
64.0,0.0026878802279208854,375.0,3.0,-1.3376139223575592
993.0,0.0018625512932948837,279.0,8.0,-6.638993844985962
553.0,0.0031105174797878337,44.0,9.0,-7.326249141693115
