batch_size,lr,num_units,num_hidden_layers,value
262.0,0.00033067803641735816,754.0,7.0,-4.604836716651916
839.0,0.0016302615726724418,662.0,9.0,-8.051651954650879
554.0,0.0023948107542398015,414.0,7.0,-5.031113390922546
224.0,0.003678691608899483,1324.0,8.0,-8.143701553344727
491.0,0.0027035964912408505,759.0,3.0,-0.8905340611934662
