batch_size,lr,num_units,num_hidden_layers,value
249.0,0.004771748820411232,207.0,10.0,-8.052090922991434
805.0,0.0008635402207544263,1239.0,1.0,-0.7528272354602814
909.0,0.00047394809277398036,643.0,7.0,-5.986965069770813
555.0,0.0005034565387589981,820.0,7.0,-4.530580215454101
766.0,0.003719198232661375,868.0,6.0,-7.8750975131988525
