batch_size,lr,num_units,num_hidden_layers,value
81.0,0.000440706769281735,744.0,4.0,-1.4502391362190246
874.0,0.0045253522917436135,761.0,9.0,-8.06030559539795
395.0,0.0025297502729033482,685.0,1.0,-0.5627654814720153
356.0,0.001635135647401157,533.0,8.0,-4.826130108833313
814.0,0.004228283701229268,1265.0,9.0,-8.102409362792969
