batch_size,lr,num_units,num_hidden_layers,value
187.0,0.001046448873130989,927.0,1.0,-0.5328158777952194
291.0,0.0026179475246025583,434.0,1.0,-0.608757044672966
85.0,0.0023168584509668712,668.0,6.0,-4.228482723236084
386.0,0.0006941931449360501,155.0,8.0,-6.783612112998963
501.0,0.0014963793992209937,1457.0,3.0,-0.7402183014154434
