batch_size,lr,num_units,num_hidden_layers,value
602.0,0.001503021794282201,96.0,3.0,-4.239157466888428
299.0,0.00422601235968805,1253.0,8.0,-8.133247375488281
319.0,0.0044169139832149545,650.0,1.0,-0.5703964936733246
380.0,0.00433305082213147,696.0,10.0,-8.063058376312256
682.0,0.001242443134012084,101.0,6.0,-6.59132529258728
