batch_size,lr,num_units,num_hidden_layers,value
840.0,0.0030796279425432055,555.0,9.0,-6.953493242263794
913.0,0.0017890677444430219,79.0,8.0,-6.964679112434387
401.0,0.00455538917663535,1395.0,5.0,-8.15616512298584
313.0,0.004628082625468466,276.0,7.0,-4.351455211639404
731.0,0.000160204013185588,854.0,10.0,-7.457531843185425
