batch_size,lr,num_units,num_hidden_layers,value
495.0,0.0019581453192847663,252.0,8.0,-6.0919057512283326
251.0,0.00205818894652162,1321.0,3.0,-0.7905270475149154
401.0,0.004312665918415075,464.0,3.0,-1.0952509808540345
257.0,0.0011218375966236315,614.0,5.0,-1.9055238437652589
853.0,0.004145955305804841,1124.0,10.0,-8.092174530029297
