batch_size,lr,num_units,num_hidden_layers,value
810.0,0.004679970178746457,767.0,7.0,-7.827338218688965
630.0,0.0003080672874822491,89.0,3.0,-5.794112162590027
361.0,0.0005806324248071921,1053.0,3.0,-0.8689277684688568
734.0,0.0010175237106530793,1229.0,5.0,-2.572723081111908
663.0,0.0011851730518178533,503.0,7.0,-4.64731716632843
