batch_size,lr,num_units,num_hidden_layers,value
117.0,0.00015868684296559073,1338.0,4.0,-1.0700879549980165
