batch_size,lr,num_units,num_hidden_layers,value
668.0,0.0007626071837017823,396.0,3.0,-2.1324308252334596
62.0,0.0008909724717300202,687.0,7.0,-7.485475957393646
754.0,0.0026010414744839267,1485.0,4.0,-1.5088836455345154
854.0,0.0042562533671330356,108.0,9.0,-7.368971185684204
447.0,0.0014721169031479905,189.0,4.0,-3.5830237674713135
