batch_size,lr,num_units,num_hidden_layers,value
367.0,0.004085472654404013,295.0,7.0,-7.649397781917027
768.0,0.0012871574337437138,514.0,9.0,-7.428583135604859
320.0,0.002795567566870601,1201.0,8.0,-8.06352710723877
924.0,0.00013456107647571405,1180.0,8.0,-5.932818036079407
383.0,0.0003479290889332386,742.0,8.0,-5.602053956985474
