batch_size,lr,num_units,num_hidden_layers,value
616.0,0.0012903534488982516,1308.0,9.0,-8.052107238769532
761.0,0.0037889320351795304,1018.0,2.0,-0.6368406200408936
333.0,0.001223515259628672,566.0,4.0,-1.742930005788803
214.0,0.0037084516876703024,749.0,2.0,-0.6843285197019577
408.0,0.003618007756309815,1077.0,3.0,-0.7755090850591659
