batch_size,lr,num_units,num_hidden_layers,value
775.0,0.0005479090255204464,1009.0,7.0,-7.3454521369934085
882.0,0.0007536734713150169,273.0,3.0,-3.157913990020752
259.0,0.0025127237149542023,409.0,3.0,-1.1875409758090973
741.0,0.004736058071898839,508.0,2.0,-0.738517826795578
696.0,0.003160548265257835,816.0,9.0,-8.007081985473633
