batch_size,lr,num_units,num_hidden_layers,value
400.0,0.0039491150636001915,1032.0,1.0,-0.5318391567468643
153.0,0.0013539524363955623,21.0,7.0,-7.023640079498291
449.0,0.003033159133673384,678.0,3.0,-0.941094463467598
887.0,0.0012236171986799455,1167.0,9.0,-8.04777711868286
143.0,0.003056874526395335,159.0,6.0,-2.902841279506683
