batch_size,lr,num_units,num_hidden_layers,value
909.0,0.002553993868574655,968.0,4.0,-1.4882643258571624
967.0,0.0028282184781739735,179.0,10.0,-7.540004472732544
473.0,0.0010396592604375449,1207.0,8.0,-7.6092878977457685
386.0,0.0001759650820072473,1024.0,1.0,-1.8354434752464295
775.0,0.0002605811694048449,59.0,8.0,-7.767281789779663
