batch_size,lr,num_units,num_hidden_layers,value
247.0,3.9242166985374646e-05,1254.0,8.0,-6.281779017448425
219.0,0.0004550899024775764,243.0,8.0,-6.272217154502869
851.0,0.0015612854878525766,261.0,10.0,-7.493020753860474
526.0,0.0014207670136583198,633.0,10.0,-8.051444252332052
740.0,0.0018329803439765665,1422.0,2.0,-0.6039710652828216
