batch_size,lr,num_units,num_hidden_layers,value
199.0,0.0036429201676835246,1150.0,3.0,-7.968902111053467
133.0,0.0010802592182808915,834.0,6.0,-1.403009467124939
333.0,4.393322515820365e-05,431.0,7.0,-6.8316917943954465
663.0,0.003220903028015525,1100.0,4.0,-1.4141533756256104
850.0,0.003775921988159955,393.0,6.0,-4.457358179092407
