batch_size,lr,num_units,num_hidden_layers,value
728.0,0.0012858297027452318,551.0,3.0,-1.3601108300685882
589.0,3.6473649897796516e-05,781.0,9.0,-7.7747333097457885
505.0,0.001926390036515299,866.0,4.0,-1.2708290243148803
253.0,0.0037183353598699617,179.0,3.0,-1.8858938753604888
223.0,0.004687694181749087,1004.0,2.0,-0.7134663689136506
