batch_size,lr,num_units,num_hidden_layers,value
975.0,0.0015343902440659452,43.0,9.0,-7.703448519706726
405.0,0.00415014728102228,511.0,8.0,-5.50183798789978
866.0,0.00265241216266518,1133.0,7.0,-8.060376167297363
542.0,0.003976739566348967,499.0,3.0,-1.06733607172966
311.0,0.0015353230138853075,878.0,5.0,-1.3295311939716339
