batch_size,lr,num_units,num_hidden_layers,value
172.0,0.0026616506083436135,1402.0,6.0,-5.974493503570557
919.0,0.004479242257686151,170.0,9.0,-7.668330960273742
222.0,0.003767950812557199,1381.0,3.0,-7.383090496063232
998.0,0.0032681362757338694,1211.0,7.0,-8.081645011901855
690.0,0.0014010512611666252,138.0,2.0,-2.727966933250427
