batch_size,lr,num_units,num_hidden_layers,value
944.0,0.002391537301981838,550.0,2.0,-0.858235582113266
