batch_size,lr,num_units,num_hidden_layers,value
310.0,0.0030422436932140326,670.0,8.0,-8.055311838785807
588.0,0.004319782475854022,1301.0,1.0,-0.5297770291566849
232.0,0.0011210380447809162,926.0,7.0,-2.960475878715515
66.0,0.003229302864072348,966.0,4.0,-7.735411167144775
