batch_size,lr,num_units,num_hidden_layers,value
990.0,0.0001585226200284402,811.0,9.0,-7.005400581359863
293.0,0.001292678362798175,1018.0,6.0,-1.695075843334198
472.0,0.0035098822574809335,133.0,6.0,-4.0910225677490235
743.0,0.003788996972904878,967.0,5.0,-3.6042916584014892
972.0,0.004578290478784727,305.0,2.0,-1.0269700968265534
