batch_size,lr,num_units,num_hidden_layers,value
815.0,0.000836015799924565,78.0,6.0,-7.102784810066223
1000.0,0.004125322547628384,211.0,3.0,-2.148953573703766
706.0,0.003931350100011138,120.0,4.0,-3.761485242843628
934.0,0.004703531093678615,681.0,4.0,-2.822828016281128
975.0,0.00015862517806905445,1355.0,9.0,-6.867336187362671
