batch_size,lr,num_units,num_hidden_layers,value
384.0,0.0012778273697232959,33.0,4.0,-6.510968313217163
568.0,0.0018736399519814488,37.0,4.0,-6.180165405273438
869.0,0.0006546473252352367,795.0,10.0,-7.685074272155762
616.0,0.001236198589318618,412.0,2.0,-1.1959110474586487
998.0,0.001946628884825211,264.0,8.0,-6.835291185379028
