batch_size,lr,num_units,num_hidden_layers,value
475.0,0.0009673387344267472,474.0,1.0,-0.9988013088703156
624.0,0.003187387904436052,951.0,4.0,-8.058518409729004
513.0,0.004725714601706397,1327.0,6.0,-8.203167915344238
252.0,0.0005300518625461098,618.0,6.0,-3.8651982021331786
605.0,0.0002802760560372421,1169.0,2.0,-1.446376131772995
