batch_size,lr,num_units,num_hidden_layers,value
801.0,0.004642795108262767,197.0,5.0,-3.0389615201950075
710.0,0.003613536337138845,1361.0,9.0,-8.090430736541748
617.0,0.004108351619393496,559.0,3.0,-1.056265949010849
53.0,0.0038063879842301215,545.0,5.0,-7.609364032745361
924.0,0.003942810830694054,331.0,8.0,-8.05125458487149
