batch_size,lr,num_units,num_hidden_layers,value
409.0,0.0005208403219766335,770.0,4.0,-1.794260573387146
390.0,8.826470812298409e-05,1493.0,7.0,-4.740691766738892
346.0,0.0024682398149734916,793.0,5.0,-1.3369157814979553
831.0,0.0012042457224986315,958.0,9.0,-7.625736966133117
372.0,0.0017520783090643412,969.0,3.0,-0.8062248587608337
