batch_size,lr,num_units,num_hidden_layers,value
408.0,0.004921548331361244,300.0,3.0,-1.3596009194850922
310.0,0.002918278262879499,737.0,9.0,-8.054749806722006
215.0,0.003034414576599749,1101.0,6.0,-4.743358612060547
106.0,0.0013518393111545085,1248.0,2.0,-0.6105999273061752
516.0,0.003228229999180903,1071.0,7.0,-8.06627607345581
