batch_size,lr,num_units,num_hidden_layers,value
281.0,5.386727442068476e-05,752.0,3.0,-3.136721520423889
703.0,0.004425718058689108,595.0,4.0,-8.022789001464844
322.0,0.0034332734254208567,858.0,10.0,-8.061468124389648
868.0,0.004088446577122035,378.0,2.0,-0.8847324007749557
317.0,0.00014105385480456075,1488.0,4.0,-1.595131081342697
