batch_size,lr,num_units,num_hidden_layers,value
297.0,0.0032873990764326223,453.0,3.0,-1.14378103017807
213.0,0.00025462792510843224,1158.0,8.0,-4.106670475006103
124.0,0.0012513528772992693,259.0,5.0,-2.5729899406433105
908.0,0.0031162369053416936,1332.0,3.0,-7.881515979766846
702.0,0.00021330348007325993,63.0,9.0,-7.752606391906738
