batch_size,lr,num_units,num_hidden_layers,value
762.0,0.0017291294203834768,741.0,1.0,-0.6837022125720977
746.0,0.00421391407797528,204.0,8.0,-8.040511112213135
635.0,0.0016700327063138448,1113.0,7.0,-8.052031585148402
215.0,0.0005264547385395598,49.0,8.0,-7.252551522254944
757.0,0.0020275236420890267,242.0,4.0,-3.0150611495971678
