batch_size,lr,num_units,num_hidden_layers,value
989.0,0.004852304860248183,772.0,3.0,-1.2988708233833313
584.0,0.0038837008619860476,1108.0,9.0,-8.082917213439941
549.0,0.0021410674038283162,803.0,8.0,-8.052908062934875
251.0,2.915292270989951e-05,147.0,3.0,-7.345984058380127
229.0,0.00428858462914368,183.0,1.0,-0.750355738401413
