batch_size,lr,num_units,num_hidden_layers,value
684.0,0.004398461420349129,692.0,2.0,-0.6805382758378983
557.0,0.002207592645842328,1109.0,3.0,-0.8319534593820572
241.0,0.0021829922161323277,558.0,4.0,-1.1951335203647613
751.0,0.003136826006379674,1292.0,9.0,-8.072521209716797
593.0,0.0029210134658582865,123.0,4.0,-3.5767305183410643
