batch_size,lr,num_units,num_hidden_layers,value
701.0,0.0033201088725521005,103.0,10.0,-7.2807027530670165
934.0,7.510472508306856e-05,65.0,5.0,-8.006806039810181
188.0,0.004200572279590692,1202.0,3.0,-7.9490790367126465
937.0,0.003295813468879475,1383.0,9.0,-8.097752571105957
825.0,0.0016018773962996758,1137.0,3.0,-0.8010908639431
