batch_size,lr,num_units,num_hidden_layers,value
708.0,0.0031345013207244735,200.0,2.0,-1.4638928329944612
337.0,0.003604092331081981,798.0,6.0,-8.058060646057129
121.0,0.0038239864574029637,350.0,8.0,-5.648570645240046
704.0,0.0005125200646393245,1181.0,2.0,-0.9923429483175278
291.0,0.004305732822781417,395.0,2.0,-0.7739864277839661
