batch_size,lr,num_units,num_hidden_layers,value
448.0,0.0006437796871747938,1476.0,3.0,-0.74130719602108
995.0,0.0020485359181212155,1429.0,5.0,-7.6777448654174805
129.0,0.0009479134513649657,450.0,6.0,-2.197559220790863
652.0,0.002715441734332253,1381.0,6.0,-7.955866813659668
212.0,0.0005645743279007385,140.0,1.0,-2.264168939590454
