batch_size,lr,num_units,num_hidden_layers,value
682.0,0.0010568351713242331,436.0,9.0,-7.226645855903626
644.0,0.0007600883303367814,121.0,4.0,-5.450801992416382
688.0,0.0017594156210106134,877.0,8.0,-8.0499889087677
110.0,0.002563967337075874,1281.0,4.0,-7.958825508753459
861.0,0.004301322924974784,1442.0,5.0,-8.185476303100586
