batch_size,lr,num_units,num_hidden_layers,value
531.0,0.0009861130935817737,261.0,1.0,-1.741812161207199
748.0,0.0009619952356577738,337.0,5.0,-4.186781024932861
761.0,0.0011258354873679463,580.0,3.0,-1.4534487581253053
876.0,0.004828155906708525,354.0,7.0,-7.9983370463053385
526.0,0.004377528645935359,835.0,7.0,-7.898550510406494
