batch_size,lr,num_units,num_hidden_layers,value
777.0,0.002504190739968925,570.0,8.0,-7.54497540473938
347.0,0.003916450496027436,1306.0,7.0,-8.115188598632812
185.0,4.7171916191790525e-05,650.0,6.0,-6.099879131317139
563.0,0.0023340958547615775,598.0,6.0,-3.989039921760559
876.0,0.002157341107226139,777.0,3.0,-0.9620631396770477
