batch_size,lr,num_units,num_hidden_layers,value
754.0,0.004671217410121117,1403.0,4.0,-8.173527717590332
780.0,0.004509003226749933,358.0,7.0,-8.050289154052734
420.0,0.0032275965518194206,695.0,5.0,-1.8558746588230133
722.0,0.003838252471148247,841.0,1.0,-0.5535608774423599
476.0,0.004903884294294153,623.0,2.0,-0.6994036322832108
