batch_size,lr,num_units,num_hidden_layers,value
149.0,0.0006423681733424462,1312.0,8.0,-2.8615237355232237
464.0,0.003323071615557353,1325.0,5.0,-8.080863952636719
389.0,0.0022845893542626514,156.0,6.0,-4.535709228515625
