batch_size,lr,num_units,num_hidden_layers,value
109.0,0.0004049491918591193,886.0,7.0,-2.3184359073638916
514.0,0.003524456237829191,386.0,9.0,-8.0532470703125
685.0,0.0009212316568792389,782.0,4.0,-1.627874938249588
902.0,0.00498362080395893,413.0,6.0,-8.036332766215006
479.0,0.0009742690711898134,137.0,3.0,-3.5186911153793337
