batch_size,lr,num_units,num_hidden_layers,value
388.0,0.00463679543823318,834.0,4.0,-1.3636390244960785
747.0,0.0014216698527256973,83.0,10.0,-7.615793571472168
777.0,0.0033167872897785495,226.0,6.0,-4.8562654733657835
974.0,0.002232202710859851,1489.0,7.0,-8.062052726745605
872.0,0.004253228365982879,657.0,2.0,-0.6855353939533234
