batch_size,lr,num_units,num_hidden_layers,value
424.0,0.002870412609572982,1121.0,3.0,-0.7510691851377487
386.0,0.00389390234728865,57.0,5.0,-5.214209289550781
941.0,0.002820368686137072,525.0,2.0,-0.8541698652505875
599.0,0.003910659213023125,549.0,7.0,-7.785600662231445
916.0,0.0006272122096152479,471.0,4.0,-2.8404505157470705
