batch_size,lr,num_units,num_hidden_layers,value
676.0,0.001901254610259989,423.0,5.0,-2.8593249106407166
360.0,0.001271104167185504,811.0,3.0,-0.8419537407159805
636.0,0.001648969959837367,639.0,9.0,-6.841831130981445
881.0,0.002416077665412994,165.0,6.0,-5.311285696029663
457.0,0.0028931135422667997,1456.0,3.0,-7.94097261428833
