batch_size,lr,num_units,num_hidden_layers,value
761.0,0.004187082064765472,1449.0,3.0,-7.849288463592529
286.0,0.001707413025503494,311.0,8.0,-4.778835616111755
697.0,0.004587940575853886,173.0,2.0,-1.3482821345329286
441.0,0.004562177414277771,36.0,2.0,-4.019864044189453
167.0,3.9522469052502356e-05,1168.0,3.0,-2.4594419026374816
