batch_size,lr,num_units,num_hidden_layers,value
286.0,0.001076201704674517,1420.0,1.0,-0.5232012504339218
374.0,0.004996759003373252,198.0,1.0,-0.7610022175312042
339.0,0.003366469051317176,1294.0,6.0,-7.9205217361450195
154.0,0.0033950341412797313,415.0,3.0,-1.2057711362838746
848.0,0.0036992550458270243,531.0,6.0,-4.990006666183472
