batch_size,lr,num_units,num_hidden_layers,value
658.0,0.003213339290547857,1193.0,10.0,-8.059883637861772
699.0,0.0003351076326243165,583.0,5.0,-4.121628379821777
326.0,0.0032871124680179226,1020.0,3.0,-0.7525300896167755
449.0,0.001599106755733545,1147.0,7.0,-8.052764415740967
416.0,0.0029302070261595374,713.0,5.0,-7.892074108123779
