batch_size,lr,num_units,num_hidden_layers,value
528.0,0.0005330697271600608,413.0,1.0,-1.8547350943088532
769.0,0.003637427890408178,853.0,4.0,-1.1608169567584992
518.0,0.0005493951239458434,84.0,2.0,-4.450953931808471
109.0,0.0009921023529751182,1091.0,8.0,-8.052617850127044
731.0,0.0049147979431316425,605.0,5.0,-8.014848709106445
