batch_size,lr,num_units,num_hidden_layers,value
733.0,0.0049769339003992155,715.0,3.0,-1.034504137635231
451.0,0.002960261331199398,564.0,6.0,-7.776005923748016
870.0,0.0003024830927562029,73.0,6.0,-7.276700100898743
408.0,0.003961732936585664,733.0,4.0,-1.5244180905818938
712.0,0.0019152439281707046,81.0,6.0,-6.596962962150574
