batch_size,lr,num_units,num_hidden_layers,value
709.0,0.004335738926752419,1146.0,4.0,-8.04824357032776
803.0,0.0008362225196253851,611.0,1.0,-1.3439362299442292
447.0,0.0014718067925936697,970.0,2.0,-0.6196420264244079
442.0,0.004902312795653629,1182.0,4.0,-8.0094104546767
936.0,0.00030295241723812545,1395.0,5.0,-2.7509047031402587
