batch_size,lr,num_units,num_hidden_layers,value
768.0,0.003867899460049044,652.0,9.0,-8.057250499725342
475.0,0.0010049256292921985,57.0,2.0,-4.399589982032776
909.0,0.0013909255175670351,583.0,7.0,-6.375985136032105
645.0,0.002441937136938416,611.0,3.0,-0.9569182914495468
228.0,0.0017343896707200503,1162.0,3.0,-0.8071318686008453
