batch_size,lr,num_units,num_hidden_layers,value
929.0,0.0004219517439772701,1218.0,8.0,-6.977061729431153
523.0,0.0002379410154297716,952.0,9.0,-6.742757015228271
373.0,0.0034945515245759736,120.0,8.0,-5.910941433906555
120.0,0.0017519719077629587,83.0,9.0,-6.099206776618957
668.0,0.003461721253627234,557.0,3.0,-1.081180808544159
