batch_size,lr,num_units,num_hidden_layers,value
319.0,0.002975008717825851,654.0,9.0,-8.032099723815918
997.0,0.0008771242953259443,242.0,9.0,-7.47995274066925
309.0,0.003955979069518614,1496.0,10.0,-8.110580444335938
151.0,0.004796169776167356,556.0,9.0,-8.062225341796875
740.0,0.0030328641699187624,51.0,5.0,-6.275324268341064
