batch_size,lr,num_hidden_layers,num_units,value
1188,0.00010238020985378338,2,256,0.32501874604654357
2472,0.0009202966083755527,1,574,0.40606908898574723
25,0.00037663201533817274,8,732,0.055707965695681816
